CODE,NAME,TITLE,CONTENT
1,1 page(s) / 275 words,1 page(s) / 275 words,1 page(s) / 275 words
2,2 page(s) / 550 words,2 page(s) / 550 words,2 page(s) / 550 words
3,3 page(s) / 825 words,3 page(s) / 825 words,3 page(s) / 825 words
4,4 page(s) / 1100 words,4 page(s) / 1100 words,4 page(s) / 1100 words
5,5 page(s) / 1375 words,5 page(s) / 1375 words,5 page(s) / 1375 words
6,6 page(s) / 1650 words,6 page(s) / 1650 words,6 page(s) / 1650 words
7,7 page(s) / 1925 words,7 page(s) / 1925 words,7 page(s) / 1925 words
8,8 page(s) / 2200 words,8 page(s) / 2200 words,8 page(s) / 2200 words
9,9 page(s) / 2475 words,9 page(s) / 2475 words,9 page(s) / 2475 words
10,10 page(s) / 2750 words,10 page(s) / 2750 words,10 page(s) / 2750 words
11,11 page(s) / 3025 words,11 page(s) / 3025 words,11 page(s) / 3025 words
12,12 page(s) / 3300 words,12 page(s) / 3300 words,12 page(s) / 3300 words
13,13 page(s) / 3575 words,13 page(s) / 3575 words,13 page(s) / 3575 words
14,14 page(s) / 3850 words,14 page(s) / 3850 words,14 page(s) / 3850 words
15,15 page(s) / 4125 words,15 page(s) / 4125 words,15 page(s) / 4125 words
16,16 page(s) / 4400 words,16 page(s) / 4400 words,16 page(s) / 4400 words
17,17 page(s) / 4675 words,17 page(s) / 4675 words,17 page(s) / 4675 words
18,18 page(s) / 4950 words,18 page(s) / 4950 words,18 page(s) / 4950 words
19,19 page(s) / 5225 words,19 page(s) / 5225 words,19 page(s) / 5225 words
20,20 page(s) / 5500 words,20 page(s) / 5500 words,20 page(s) / 5500 words
21,21 page(s) / 5775 words,21 page(s) / 5775 words,21 page(s) / 5775 words
22,22 page(s) / 6050 words,22 page(s) / 6050 words,22 page(s) / 6050 words
23,23 page(s) / 6325 words,23 page(s) / 6325 words,23 page(s) / 6325 words
24,24 page(s) / 6600 words,24 page(s) / 6600 words,24 page(s) / 6600 words
25,25 page(s) / 6875 words,25 page(s) / 6875 words,25 page(s) / 6875 words
26,26 page(s) / 7150 words,26 page(s) / 7150 words,26 page(s) / 7150 words
27,27 page(s) / 7425 words,27 page(s) / 7425 words,27 page(s) / 7425 words
28,28 page(s) / 7700 words,28 page(s) / 7700 words,28 page(s) / 7700 words
29,29 page(s) / 7975 words,29 page(s) / 7975 words,29 page(s) / 7975 words
30,30 page(s) / 8250 words,30 page(s) / 8250 words,30 page(s) / 8250 words
31,31 page(s) / 8525 words,31 page(s) / 8525 words,31 page(s) / 8525 words
32,32 page(s) / 8800 words,32 page(s) / 8800 words,32 page(s) / 8800 words
33,33 page(s) / 9075 words,33 page(s) / 9075 words,33 page(s) / 9075 words
34,34 page(s) / 9350 words,34 page(s) / 9350 words,34 page(s) / 9350 words
35,35 page(s) / 9625 words,35 page(s) / 9625 words,35 page(s) / 9625 words
36,36 page(s) / 9900 words,36 page(s) / 9900 words,36 page(s) / 9900 words
37,37 page(s) / 10175 words,37 page(s) / 10175 words,37 page(s) / 10175 words
38,38 page(s) / 10450 words,38 page(s) / 10450 words,38 page(s) / 10450 words
39,39 page(s) / 10725 words,39 page(s) / 10725 words,39 page(s) / 10725 words
40,40 page(s) / 11000 words,40 page(s) / 11000 words,40 page(s) / 11000 words
41,41 page(s) / 11275 words,41 page(s) / 11275 words,41 page(s) / 11275 words
42,42 page(s) / 11550 words,42 page(s) / 11550 words,42 page(s) / 11550 words
43,43 page(s) / 11825 words,43 page(s) / 11825 words,43 page(s) / 11825 words
44,44 page(s) / 12100 words,44 page(s) / 12100 words,44 page(s) / 12100 words
45,45 page(s) / 12375 words,45 page(s) / 12375 words,45 page(s) / 12375 words
46,46 page(s) / 12650 words,46 page(s) / 12650 words,46 page(s) / 12650 words
47,47 page(s) / 12925 words,47 page(s) / 12925 words,47 page(s) / 12925 words
48,48 page(s) / 13200 words,48 page(s) / 13200 words,48 page(s) / 13200 words
49,49 page(s) / 13475 words,49 page(s) / 13475 words,49 page(s) / 13475 words
50,50 page(s) / 13750 words,50 page(s) / 13750 words,50 page(s) / 13750 words
51,51 page(s) / 14025 words,51 page(s) / 14025 words,51 page(s) / 14025 words
52,52 page(s) / 14300 words,52 page(s) / 14300 words,52 page(s) / 14300 words
53,53 page(s) / 14575 words,53 page(s) / 14575 words,53 page(s) / 14575 words
54,54 page(s) / 14850 words,54 page(s) / 14850 words,54 page(s) / 14850 words
55,55 page(s) / 15125 words,55 page(s) / 15125 words,55 page(s) / 15125 words
56,56 page(s) / 15400 words,56 page(s) / 15400 words,56 page(s) / 15400 words
57,57 page(s) / 15675 words,57 page(s) / 15675 words,57 page(s) / 15675 words
58,58 page(s) / 15950 words,58 page(s) / 15950 words,58 page(s) / 15950 words
59,59 page(s) / 16225 words,59 page(s) / 16225 words,59 page(s) / 16225 words
60,60 page(s) / 16500 words,60 page(s) / 16500 words,60 page(s) / 16500 words
61,61 page(s) / 16775 words,61 page(s) / 16775 words,61 page(s) / 16775 words
62,62 page(s) / 17050 words,62 page(s) / 17050 words,62 page(s) / 17050 words
63,63 page(s) / 17325 words,63 page(s) / 17325 words,63 page(s) / 17325 words
64,64 page(s) / 17600 words,64 page(s) / 17600 words,64 page(s) / 17600 words
65,65 page(s) / 17875 words,65 page(s) / 17875 words,65 page(s) / 17875 words
66,66 page(s) / 18150 words,66 page(s) / 18150 words,66 page(s) / 18150 words
67,67 page(s) / 18425 words,67 page(s) / 18425 words,67 page(s) / 18425 words
68,68 page(s) / 18700 words,68 page(s) / 18700 words,68 page(s) / 18700 words
69,69 page(s) / 18975 words,69 page(s) / 18975 words,69 page(s) / 18975 words
70,70 page(s) / 19250 words,70 page(s) / 19250 words,70 page(s) / 19250 words
71,71 page(s) / 19525 words,71 page(s) / 19525 words,71 page(s) / 19525 words
72,72 page(s) / 19800 words,72 page(s) / 19800 words,72 page(s) / 19800 words
73,73 page(s) / 20075 words,73 page(s) / 20075 words,73 page(s) / 20075 words
74,74 page(s) / 20350 words,74 page(s) / 20350 words,74 page(s) / 20350 words
75,75 page(s) / 20625 words,75 page(s) / 20625 words,75 page(s) / 20625 words
76,76 page(s) / 20900 words,76 page(s) / 20900 words,76 page(s) / 20900 words
77,77 page(s) / 21175 words,77 page(s) / 21175 words,77 page(s) / 21175 words
78,78 page(s) / 21450 words,78 page(s) / 21450 words,78 page(s) / 21450 words
79,79 page(s) / 21725 words,79 page(s) / 21725 words,79 page(s) / 21725 words
80,80 page(s) / 22000 words,80 page(s) / 22000 words,80 page(s) / 22000 words
81,81 page(s) / 22275 words,81 page(s) / 22275 words,81 page(s) / 22275 words
82,82 page(s) / 22550 words,82 page(s) / 22550 words,82 page(s) / 22550 words
83,83 page(s) / 22825 words,83 page(s) / 22825 words,83 page(s) / 22825 words
84,84 page(s) / 23100 words,84 page(s) / 23100 words,84 page(s) / 23100 words
85,85 page(s) / 23375 words,85 page(s) / 23375 words,85 page(s) / 23375 words
86,86 page(s) / 23650 words,86 page(s) / 23650 words,86 page(s) / 23650 words
87,87 page(s) / 23925 words,87 page(s) / 23925 words,87 page(s) / 23925 words
88,88 page(s) / 24200 words,88 page(s) / 24200 words,88 page(s) / 24200 words
89,89 page(s) / 24475 words,89 page(s) / 24475 words,89 page(s) / 24475 words
90,90 page(s) / 24750 words,90 page(s) / 24750 words,90 page(s) / 24750 words
91,91 page(s) / 25025 words,91 page(s) / 25025 words,91 page(s) / 25025 words
92,92 page(s) / 25300 words,92 page(s) / 25300 words,92 page(s) / 25300 words
93,93 page(s) / 25575 words,93 page(s) / 25575 words,93 page(s) / 25575 words
94,94 page(s) / 25850 words,94 page(s) / 25850 words,94 page(s) / 25850 words
95,95 page(s) / 26125 words,95 page(s) / 26125 words,95 page(s) / 26125 words
96,96 page(s) / 26400 words,96 page(s) / 26400 words,96 page(s) / 26400 words
97,97 page(s) / 26675 words,97 page(s) / 26675 words,97 page(s) / 26675 words
98,98 page(s) / 26950 words,98 page(s) / 26950 words,98 page(s) / 26950 words
99,99 page(s) / 27225 words,99 page(s) / 27225 words,99 page(s) / 27225 words
100,100 page(s) / 27500 words,100 page(s) / 27500 words,100 page(s) / 27500 words
101,101 page(s) / 27775 words,101 page(s) / 27775 words,101 page(s) / 27775 words
102,102 page(s) / 28050 words,102 page(s) / 28050 words,102 page(s) / 28050 words
103,103 page(s) / 28325 words,103 page(s) / 28325 words,103 page(s) / 28325 words
104,104 page(s) / 28600 words,104 page(s) / 28600 words,104 page(s) / 28600 words
105,105 page(s) / 28875 words,105 page(s) / 28875 words,105 page(s) / 28875 words
106,106 page(s) / 29150 words,106 page(s) / 29150 words,106 page(s) / 29150 words
107,107 page(s) / 29425 words,107 page(s) / 29425 words,107 page(s) / 29425 words
108,108 page(s) / 29700 words,108 page(s) / 29700 words,108 page(s) / 29700 words
109,109 page(s) / 29975 words,109 page(s) / 29975 words,109 page(s) / 29975 words
110,110 page(s) / 30250 words,110 page(s) / 30250 words,110 page(s) / 30250 words
111,111 page(s) / 30525 words,111 page(s) / 30525 words,111 page(s) / 30525 words
112,112 page(s) / 30800 words,112 page(s) / 30800 words,112 page(s) / 30800 words
113,113 page(s) / 31075 words,113 page(s) / 31075 words,113 page(s) / 31075 words
114,114 page(s) / 31350 words,114 page(s) / 31350 words,114 page(s) / 31350 words
115,115 page(s) / 31625 words,115 page(s) / 31625 words,115 page(s) / 31625 words
116,116 page(s) / 31900 words,116 page(s) / 31900 words,116 page(s) / 31900 words
117,117 page(s) / 32175 words,117 page(s) / 32175 words,117 page(s) / 32175 words
118,118 page(s) / 32450 words,118 page(s) / 32450 words,118 page(s) / 32450 words
119,119 page(s) / 32725 words,119 page(s) / 32725 words,119 page(s) / 32725 words
120,120 page(s) / 33000 words,120 page(s) / 33000 words,120 page(s) / 33000 words
121,121 page(s) / 33275 words,121 page(s) / 33275 words,121 page(s) / 33275 words
122,122 page(s) / 33550 words,122 page(s) / 33550 words,122 page(s) / 33550 words
123,123 page(s) / 33825 words,123 page(s) / 33825 words,123 page(s) / 33825 words
124,124 page(s) / 34100 words,124 page(s) / 34100 words,124 page(s) / 34100 words
125,125 page(s) / 34375 words,125 page(s) / 34375 words,125 page(s) / 34375 words
126,126 page(s) / 34650 words,126 page(s) / 34650 words,126 page(s) / 34650 words
127,127 page(s) / 34925 words,127 page(s) / 34925 words,127 page(s) / 34925 words
128,128 page(s) / 35200 words,128 page(s) / 35200 words,128 page(s) / 35200 words
129,129 page(s) / 35475 words,129 page(s) / 35475 words,129 page(s) / 35475 words
130,130 page(s) / 35750 words,130 page(s) / 35750 words,130 page(s) / 35750 words
131,131 page(s) / 36025 words,131 page(s) / 36025 words,131 page(s) / 36025 words
132,132 page(s) / 36300 words,132 page(s) / 36300 words,132 page(s) / 36300 words
133,133 page(s) / 36575 words,133 page(s) / 36575 words,133 page(s) / 36575 words
134,134 page(s) / 36850 words,134 page(s) / 36850 words,134 page(s) / 36850 words
135,135 page(s) / 37125 words,135 page(s) / 37125 words,135 page(s) / 37125 words
136,136 page(s) / 37400 words,136 page(s) / 37400 words,136 page(s) / 37400 words
137,137 page(s) / 37675 words,137 page(s) / 37675 words,137 page(s) / 37675 words
138,138 page(s) / 37950 words,138 page(s) / 37950 words,138 page(s) / 37950 words
139,139 page(s) / 38225 words,139 page(s) / 38225 words,139 page(s) / 38225 words
140,140 page(s) / 38500 words,140 page(s) / 38500 words,140 page(s) / 38500 words
141,141 page(s) / 38775 words,141 page(s) / 38775 words,141 page(s) / 38775 words
142,142 page(s) / 39050 words,142 page(s) / 39050 words,142 page(s) / 39050 words
143,143 page(s) / 39325 words,143 page(s) / 39325 words,143 page(s) / 39325 words
144,144 page(s) / 39600 words,144 page(s) / 39600 words,144 page(s) / 39600 words
145,145 page(s) / 39875 words,145 page(s) / 39875 words,145 page(s) / 39875 words
146,146 page(s) / 40150 words,146 page(s) / 40150 words,146 page(s) / 40150 words
147,147 page(s) / 40425 words,147 page(s) / 40425 words,147 page(s) / 40425 words
148,148 page(s) / 40700 words,148 page(s) / 40700 words,148 page(s) / 40700 words
149,149 page(s) / 40975 words,149 page(s) / 40975 words,149 page(s) / 40975 words
150,150 page(s) / 41250 words,150 page(s) / 41250 words,150 page(s) / 41250 words
151,151 page(s) / 41525 words,151 page(s) / 41525 words,151 page(s) / 41525 words
152,152 page(s) / 41800 words,152 page(s) / 41800 words,152 page(s) / 41800 words
153,153 page(s) / 42075 words,153 page(s) / 42075 words,153 page(s) / 42075 words
154,154 page(s) / 42350 words,154 page(s) / 42350 words,154 page(s) / 42350 words
155,155 page(s) / 42625 words,155 page(s) / 42625 words,155 page(s) / 42625 words
156,156 page(s) / 42900 words,156 page(s) / 42900 words,156 page(s) / 42900 words
157,157 page(s) / 43175 words,157 page(s) / 43175 words,157 page(s) / 43175 words
158,158 page(s) / 43450 words,158 page(s) / 43450 words,158 page(s) / 43450 words
159,159 page(s) / 43725 words,159 page(s) / 43725 words,159 page(s) / 43725 words
160,160 page(s) / 44000 words,160 page(s) / 44000 words,160 page(s) / 44000 words
161,161 page(s) / 44275 words,161 page(s) / 44275 words,161 page(s) / 44275 words
162,162 page(s) / 44550 words,162 page(s) / 44550 words,162 page(s) / 44550 words
163,163 page(s) / 44825 words,163 page(s) / 44825 words,163 page(s) / 44825 words
164,164 page(s) / 45100 words,164 page(s) / 45100 words,164 page(s) / 45100 words
165,165 page(s) / 45375 words,165 page(s) / 45375 words,165 page(s) / 45375 words
166,166 page(s) / 45650 words,166 page(s) / 45650 words,166 page(s) / 45650 words
167,167 page(s) / 45925 words,167 page(s) / 45925 words,167 page(s) / 45925 words
168,168 page(s) / 46200 words,168 page(s) / 46200 words,168 page(s) / 46200 words
169,169 page(s) / 46475 words,169 page(s) / 46475 words,169 page(s) / 46475 words
170,170 page(s) / 46750 words,170 page(s) / 46750 words,170 page(s) / 46750 words
171,171 page(s) / 47025 words,171 page(s) / 47025 words,171 page(s) / 47025 words
172,172 page(s) / 47300 words,172 page(s) / 47300 words,172 page(s) / 47300 words
173,173 page(s) / 47575 words,173 page(s) / 47575 words,173 page(s) / 47575 words
174,174 page(s) / 47850 words,174 page(s) / 47850 words,174 page(s) / 47850 words
175,175 page(s) / 48125 words,175 page(s) / 48125 words,175 page(s) / 48125 words
176,176 page(s) / 48400 words,176 page(s) / 48400 words,176 page(s) / 48400 words
177,177 page(s) / 48675 words,177 page(s) / 48675 words,177 page(s) / 48675 words
178,178 page(s) / 48950 words,178 page(s) / 48950 words,178 page(s) / 48950 words
179,179 page(s) / 49225 words,179 page(s) / 49225 words,179 page(s) / 49225 words
180,180 page(s) / 49500 words,180 page(s) / 49500 words,180 page(s) / 49500 words
181,181 page(s) / 49775 words,181 page(s) / 49775 words,181 page(s) / 49775 words
182,182 page(s) / 50050 words,182 page(s) / 50050 words,182 page(s) / 50050 words
183,183 page(s) / 50325 words,183 page(s) / 50325 words,183 page(s) / 50325 words
184,184 page(s) / 50600 words,184 page(s) / 50600 words,184 page(s) / 50600 words
185,185 page(s) / 50875 words,185 page(s) / 50875 words,185 page(s) / 50875 words
186,186 page(s) / 51150 words,186 page(s) / 51150 words,186 page(s) / 51150 words
187,187 page(s) / 51425 words,187 page(s) / 51425 words,187 page(s) / 51425 words
188,188 page(s) / 51700 words,188 page(s) / 51700 words,188 page(s) / 51700 words
189,189 page(s) / 51975 words,189 page(s) / 51975 words,189 page(s) / 51975 words
190,190 page(s) / 52250 words,190 page(s) / 52250 words,190 page(s) / 52250 words
191,191 page(s) / 52525 words,191 page(s) / 52525 words,191 page(s) / 52525 words
192,192 page(s) / 52800 words,192 page(s) / 52800 words,192 page(s) / 52800 words
193,193 page(s) / 53075 words,193 page(s) / 53075 words,193 page(s) / 53075 words
194,194 page(s) / 53350 words,194 page(s) / 53350 words,194 page(s) / 53350 words
195,195 page(s) / 53625 words,195 page(s) / 53625 words,195 page(s) / 53625 words
196,196 page(s) / 53900 words,196 page(s) / 53900 words,196 page(s) / 53900 words
197,197 page(s) / 54175 words,197 page(s) / 54175 words,197 page(s) / 54175 words
198,198 page(s) / 54450 words,198 page(s) / 54450 words,198 page(s) / 54450 words
199,199 page(s) / 54725 words,199 page(s) / 54725 words,199 page(s) / 54725 words
200,200 page(s) / 55000 words,200 page(s) / 55000 words,200 page(s) / 55000 words
